Epoch,Train Loss,Val Loss,Train MAE,Val MAE,Test MSE,Loss Gap (Val-Train),Epoch Time (s),Train Acc,Val Acc,Test Acc
1,1.1279992810658046,1.189202904701233,0.11144360055242265,0.08821904754638672,0.04881613540649414,0.061203623635428306,1.5483528760005356,0.6371428571428571,0.634,0.65
2,0.4216600535256522,0.31267017126083374,0.04889871609210968,0.03398234176635742,0.015504114151000977,-0.10898988226481848,1.4533529439995618,0.8771428571428571,0.91,0.899
3,0.3240253660849163,0.37398284673690796,0.03648414933681488,0.0370908203125,0.019904693603515624,0.04995748065199168,1.41020140099954,0.8971428571428571,0.864,0.866
4,0.25369444182089396,0.2661826014518738,0.029037266635469027,0.02938317108154297,0.01406998348236084,0.012488159630979823,1.4253594870006054,0.9217142857142857,0.92,0.91
5,0.24082419235365732,0.18425610661506653,0.02573807309780802,0.019058540344238283,0.009174545288085938,-0.05656808573859079,1.3813477589992544,0.9265714285714286,0.95,0.941
6,0.21315752814497266,0.1698712706565857,0.02346761734145028,0.017101966857910156,0.008027252197265624,-0.043286257488386964,1.3748779850002393,0.9354285714285714,0.948,0.945
7,0.1939334113427571,0.11754804849624634,0.021173373711960656,0.013980756759643555,0.006421811580657959,-0.07638536284651076,1.4775267340000937,0.9414285714285714,0.97,0.959
8,0.17938402269567763,0.10130270570516586,0.0198741637468338,0.010174918174743652,0.004643757343292237,-0.07808131699051177,1.4906713380005385,0.9457142857142857,0.968,0.971
9,0.17289032989740372,0.08266503363847733,0.01863882786674159,0.009684141159057618,0.004479310512542725,-0.09022529625892639,1.217257489000076,0.9502857142857143,0.974,0.974
10,0.16319983569213323,0.09524316340684891,0.017751276369605745,0.009900028228759766,0.0042743167877197265,-0.06795667228528432,1.201377417999538,0.9537142857142857,0.964,0.972
11,0.16633664250799587,0.09587101638317108,0.01779717204613345,0.009146174430847169,0.003994599103927612,-0.07046562612482479,1.2500307460004478,0.9482857142857143,0.97,0.977
12,0.16882372072764806,0.06274297088384628,0.017183334884899003,0.0079132080078125,0.003337937355041504,-0.10608074984380178,1.2065280910001093,0.9497142857142857,0.978,0.977
13,0.14619410473959787,0.08098757266998291,0.01602176833365645,0.010211945533752442,0.0038717825412750246,-0.06520653206961496,1.220089845000075,0.954,0.968,0.973
14,0.1369667680306094,0.07342808693647385,0.015484576976725034,0.008286921501159668,0.0034585819244384764,-0.06353868109413555,1.2685402400002204,0.9608571428571429,0.976,0.979
15,0.13121294643623488,0.11361785233020782,0.014235076514737946,0.012404800415039063,0.004595745086669922,-0.017595094106027054,1.2211394739997559,0.9617142857142857,0.958,0.966
16,0.1278431396143777,0.06759555637836456,0.01371662625670433,0.007721672534942627,0.0030301437377929685,-0.06024758323601315,1.2591558629992505,0.9631428571428572,0.978,0.98
17,0.1265407020705087,0.06500910222530365,0.013895009077021054,0.00723032808303833,0.002706122636795044,-0.06153159984520504,1.1355616720002217,0.9597142857142857,0.978,0.982
18,0.12373003510066441,0.06998604536056519,0.013843116400497301,0.007158574104309082,0.0025053398609161375,-0.053743989740099224,1.19889276000049,0.962,0.976,0.984
19,0.11250654358523232,0.07695864886045456,0.013239597024662155,0.00830406379699707,0.0033792877197265626,-0.03554789472477776,1.1007123729996238,0.9668571428571429,0.972,0.98
20,0.10779108499629157,0.060983624309301376,0.012322084537574223,0.006563150882720947,0.002748500108718872,-0.046807460686990196,1.1315151509998032,0.9697142857142858,0.978,0.977
21,0.1093785056088652,0.0604141429066658,0.012225161780204092,0.00707340669631958,0.0024457926750183104,-0.04896436270219939,1.1311169159998826,0.9645714285714285,0.982,0.985
22,0.08982878866365977,0.0799243226647377,0.01046411258727312,0.00832612133026123,0.0031183741092681884,-0.009904465998922071,1.0819864450004388,0.9728571428571429,0.978,0.977
23,0.10765317783185414,0.07281504571437836,0.011818840337651116,0.007301239490509033,0.0024616055488586425,-0.03483813211747579,1.0888241299999208,0.9685714285714285,0.976,0.983
24,0.10987477156839201,0.06288018822669983,0.01235007064470223,0.007373799324035644,0.0027863738536834715,-0.04699458334169218,1.1776647080005205,0.9651428571428572,0.982,0.979
25,0.1031647335759231,0.0909024327993393,0.01161595806479454,0.007787545204162597,0.002849108934402466,-0.012262300776583801,1.3334190610003134,0.9657142857142857,0.972,0.983
26,0.0948843413591385,0.05597684904932976,0.010951880321971008,0.0058600325584411625,0.0020522003173828124,-0.038907492309808736,1.0928255360004187,0.972,0.984,0.985
27,0.08988408416935376,0.06939695030450821,0.010666026727429457,0.007236629009246826,0.002390293598175049,-0.020487133864845547,1.3539061379997293,0.9731428571428572,0.978,0.984
28,0.09656649782402175,0.07434092462062836,0.011409935784659216,0.007196544170379638,0.0022430477142333983,-0.022225573203393398,1.3595398879997447,0.9677142857142857,0.98,0.987
29,0.09338931998184749,0.05603012442588806,0.010527881107160023,0.006729119777679443,0.0019954006671905515,-0.03735919555595943,1.1613363559999925,0.972,0.976,0.987
30,0.09142106593719551,0.05448668822646141,0.011027027419635228,0.006092317581176758,0.0019752981662750245,-0.0369343777107341,1.8199438310002733,0.9694285714285714,0.984,0.988
31,0.08389609047344752,0.04207828640937805,0.010212493929479803,0.005059278011322022,0.002124898910522461,-0.04181780406406947,1.947070034000717,0.9731428571428572,0.988,0.987
32,0.08281733982052122,0.056153301149606705,0.009880280775683268,0.0067482590675354,0.0023763549327850343,-0.02666403867091452,1.7268840779997845,0.974,0.98,0.985
33,0.0888669650724956,0.05430922657251358,0.009870882007692542,0.005971273422241211,0.002065978527069092,-0.03455773849998202,1.65048798800035,0.974,0.982,0.984
34,0.07957474452257156,0.0656728446483612,0.009224921145609447,0.006405503749847412,0.0024537317752838135,-0.013901899874210352,1.8484932829996978,0.9768571428571429,0.982,0.982
35,0.0814613065634455,0.05934253707528114,0.009582738575126443,0.005716800689697266,0.002077493667602539,-0.022118769488164353,1.74754585699975,0.9745714285714285,0.982,0.984
36,0.07065963337251119,0.052755169570446014,0.008694457309586661,0.0061091241836547855,0.00203445029258728,-0.017904463802065174,1.4951718219999748,0.9785714285714285,0.982,0.986
37,0.07393460328238351,0.046418167650699615,0.00900360771375043,0.005563709259033203,0.0020939366817474365,-0.02751643563168389,1.7369006099997932,0.9751428571428571,0.986,0.986
38,0.0718388310117381,0.04872243106365204,0.008595673005495753,0.005544416427612305,0.00213643479347229,-0.023116399948086064,1.6301230859999123,0.9788571428571429,0.982,0.986
39,0.07573251210365976,0.04808243736624718,0.009190843212817396,0.005719379425048828,0.00187995445728302,-0.027650074737412586,1.2497694289995707,0.9757142857142858,0.986,0.987
40,0.07584056734187263,0.053799714893102646,0.009092744061191167,0.005676418781280518,0.0018712174892425537,-0.02204085244876998,1.6294217920003575,0.9754285714285714,0.98,0.986
41,0.07553243343532086,0.04912937805056572,0.009102680551686457,0.005557785034179688,0.002044948101043701,-0.02640305538475514,1.62570081100057,0.9754285714285714,0.986,0.986
42,0.07145284982877119,0.04885492101311684,0.008937845687781061,0.005614898681640625,0.0019834043979644776,-0.022597928815654353,1.159722354999758,0.9774285714285714,0.986,0.988
43,0.07200563583150506,0.047177888453006744,0.008554598010810358,0.005246500015258789,0.001966065526008606,-0.024827747378498313,1.4235792040008164,0.9794285714285714,0.986,0.987
44,0.06345991392220769,0.0455637201666832,0.008025969288711037,0.0050684700012207035,0.001972747564315796,-0.017896193755524495,1.521075538000332,0.9797142857142858,0.986,0.987
45,0.07613663910967963,0.04747942090034485,0.008996935718825885,0.005308486938476562,0.002047257661819458,-0.028657218209334784,1.3907143460000952,0.9748571428571429,0.984,0.987
46,0.05990533168401037,0.046589795500040054,0.007765527115336486,0.005270760536193847,0.0019737905263900756,-0.013315536183970314,1.4313115479999396,0.9808571428571429,0.984,0.987
47,0.07234016972141606,0.04816068336367607,0.008536833173994507,0.005387297630310059,0.001987666726112366,-0.02417948635773999,1.658634162999988,0.9768571428571429,0.984,0.987
48,0.06503074744343758,0.04646742716431618,0.008108997437570776,0.005242772102355957,0.001962106704711914,-0.0185633202791214,1.1584068989996013,0.98,0.984,0.987
49,0.07019213215581008,0.04975086823105812,0.008391690583633525,0.005381251335144043,0.0020635478496551516,-0.020441263924751957,1.639276718000474,0.9794285714285714,0.984,0.986
50,0.08258748436506305,0.04755702614784241,0.009366109652178628,0.005242912292480468,0.0019756429195404053,-0.035030458217220645,1.1878048369999306,0.9728571428571429,0.984,0.987
